CustomerID,recency,frequency,monetary
13256,14,1,0
16738,297,1,3
16454,44,2,6
14792,63,2,6
17956,249,1,12
16878,84,3,13
13307,120,1,15
15823,372,1,15
17763,263,1,15
16093,106,1,17
17986,56,1,20
16953,30,1,20
18268,134,1,25
17102,261,1,25
13120,238,1,30
15657,22,1,30
17408,163,2,32
16765,294,1,34
15744,77,3,34
15940,311,1,35
16856,14,2,35
14576,372,1,35
17831,33,2,35
17816,36,17,36
16162,252,2,37
18019,51,5,38
12855,372,3,38
16659,189,2,39
12977,156,9,39
14589,371,3,39
15178,260,3,40
15992,3,3,41
14300,18,3,43
15423,38,2,43
14080,32,4,45
16257,176,2,46
15603,78,2,48
14821,366,2,48
18184,15,1,49
13011,372,3,50
14351,164,1,51
15313,110,1,52
13832,19,3,52
14682,187,2,52
14865,7,4,52
15504,81,13,52
16349,290,9,53
17775,254,3,56
13366,50,1,56
15899,368,4,56
13080,179,6,58
14957,253,12,58
13682,187,3,59
17174,217,4,59
13391,203,1,59
13194,135,3,60
15516,44,15,62
13218,127,5,62
14840,267,4,62
13302,155,1,63
17263,208,23,63
14437,365,5,63
13130,94,2,64
17382,65,2,65
14393,218,5,67
13684,285,30,67
15863,25,18,68
18037,154,19,70
17747,112,1,71
17022,31,7,71
13185,267,1,71
13938,35,7,71
13686,182,8,72
17906,247,12,72
17960,171,26,73
16171,59,3,73
18032,334,5,73
16468,74,2,74
13095,70,6,74
18050,359,5,74
16610,219,6,75
13403,17,3,75
17628,81,5,75
14090,324,1,76
17536,177,3,76
14373,358,4,76
13106,133,1,76
17995,281,2,76
18113,368,1,76
13992,30,5,76
16148,296,1,76
15668,217,1,76
14785,10,3,77
13132,261,3,77
17942,7,2,77
15753,304,1,79
16078,283,1,79
13747,373,1,79
18281,180,7,80
13967,145,2,80
16789,8,5,80
17752,359,1,80
13006,56,4,81
17620,59,4,81
17309,95,12,82
13666,60,12,84
13841,252,1,85
15541,114,29,85
15729,212,5,85
13296,137,5,87
15180,367,6,87
15083,256,5,88
14436,98,9,89
14219,4,7,89
14760,297,5,89
16597,4,7,90
13947,65,5,90
15552,217,17,90
16506,19,3,90
18084,16,1,90
14117,143,3,90
14353,215,6,90
13551,319,4,91
13160,22,4,91
15488,92,2,91
14054,65,6,92
12821,214,6,92
15428,15,6,93
17991,225,5,93
13283,59,7,93
18227,217,5,93
15397,289,6,94
16387,322,4,94
13651,35,6,94
18249,17,8,95
17024,45,3,95
17325,280,6,96
14642,58,2,96
15216,87,2,96
15422,323,6,97
18033,65,34,97
12984,18,4,97
17895,44,16,98
17538,25,9,98
15256,148,6,98
17939,159,12,99
13703,318,1,99
16498,161,15,100
14946,14,3,100
17427,71,2,100
14371,295,4,100
13948,360,3,101
13101,234,8,101
15212,241,5,101
17643,373,8,101
18068,289,1,101
18086,274,7,101
16344,158,2,101
16516,30,6,101
16006,211,8,101
17962,142,35,102
18011,373,28,102
14836,10,6,102
14981,246,8,102
14542,185,5,103
17548,233,5,103
18255,89,6,103
18174,7,1,104
14027,60,6,104
15607,336,13,104
15775,245,7,104
15958,74,7,104
16581,182,9,105
15070,372,1,106
15168,25,5,106
17791,29,10,106
16757,318,7,106
14661,26,4,107
15395,325,7,107
16784,19,3,107
17639,276,7,108
16106,65,6,108
13226,273,16,108
14345,38,6,108
12956,306,19,108
16339,284,20,109
13133,273,7,109
14699,214,8,109
16363,53,5,109
17746,240,6,110
16792,282,12,110
17836,47,24,110
15853,51,30,110
13144,332,3,110
18277,58,8,110
13508,243,12,110
17901,29,19,110
16963,187,7,110
15537,163,24,110
17349,179,9,110
14641,21,7,110
17957,66,31,111
17274,35,27,111
18120,214,17,111
17887,129,10,111
17038,30,22,112
17893,225,16,112
18129,243,14,112
13161,313,8,112
15610,51,6,112
14689,208,13,112
17900,190,6,112
14271,225,10,112
16697,241,21,112
13807,367,7,112
15445,264,5,113
18105,37,18,113
16913,290,8,113
17217,234,9,113
14457,310,4,113
15280,172,16,113
13188,11,2,114
17219,31,25,114
17852,11,24,114
14974,37,21,114
12938,25,9,114
14652,77,29,114
14582,40,6,114
16247,170,16,114
14972,128,18,114
14632,262,8,114
15350,373,5,115
14143,133,7,115
13067,82,15,115
18027,98,21,115
17117,288,9,116
17601,239,9,116
13170,26,32,116
16959,87,7,117
17654,277,22,117
13193,61,29,117
13877,86,3,117
12929,311,8,117
15843,303,8,118
17079,78,2,118
16666,19,32,118
13581,309,10,118
14155,266,6,118
16542,53,5,119
14453,190,22,119
15266,338,6,119
14259,141,5,120
14314,106,8,120
18015,4,46,120
17446,176,9,120
13002,318,7,120
15512,155,7,121
15049,273,3,121
13182,45,11,121
13244,92,27,121
18018,108,29,122
14413,362,23,122
13519,78,8,122
14165,275,25,122
14076,129,46,122
13638,15,8,122
16073,297,1,122
13876,63,7,122
14495,50,6,123
15917,247,12,123
16658,368,8,123
17967,371,48,123
16849,186,8,124
16569,3,5,124
17148,51,9,124
13522,30,5,125
14890,253,7,125
14861,52,6,125
15017,33,20,125
15463,29,7,126
16414,21,7,126
16988,5,7,126
14962,270,5,126
13781,250,17,127
15578,162,13,127
15923,372,21,127
17359,11,15,127
15543,288,28,127
16828,93,8,128
16679,366,3,129
16611,186,10,129
16623,245,5,129
15844,46,11,130
14438,306,9,131
17455,203,8,131
17297,17,51,131
14795,166,6,131
17785,53,13,131
15709,283,6,133
14349,10,31,133
17881,304,8,133
16424,191,5,133
17647,65,7,133
14280,196,8,134
14340,218,6,134
13364,71,10,134
14174,33,26,134
16055,220,8,134
15562,351,1,134
12837,173,12,134
15042,199,5,135
16114,170,8,135
15174,322,11,135
12968,112,5,135
15276,66,52,135
12851,96,50,135
15419,24,8,135
14889,336,10,135
16665,362,9,135
14247,278,20,136
17972,241,31,136
16462,73,3,136
15691,252,2,136
13279,78,9,137
16050,173,10,137
17709,169,7,137
14483,281,9,137
15836,50,10,137
17468,10,5,137
13273,113,16,138
14581,16,17,138
17122,119,7,138
12902,264,10,138
13716,269,21,138
15663,106,9,138
14772,112,9,139
17718,232,6,139
15135,239,9,139
18209,28,8,139
14494,25,7,139
16483,192,19,139
13483,65,10,140
14041,266,21,141
13561,215,14,141
13299,268,5,142
16287,169,8,142
13584,306,24,142
14386,296,7,142
17578,218,5,143
15705,201,6,143
14109,72,9,144
12974,197,8,144
16852,10,9,144
17186,46,2,144
16598,285,10,145
17935,138,29,145
13866,74,7,145
16893,366,45,145
17524,361,6,145
15937,64,7,145
14238,326,8,146
17030,63,11,146
15503,362,70,147
12864,138,3,147
14098,36,21,147
14037,176,28,147
14968,30,37,147
17549,23,6,148
15526,33,4,148
17859,304,25,148
15748,40,21,149
13003,105,6,149
17946,233,20,149
15435,22,29,149
17234,182,14,149
18262,140,13,149
15869,277,15,149
15717,234,7,150
14073,32,13,151
13697,38,12,151
16617,235,5,151
16412,53,35,151
16461,177,33,151
16337,36,10,151
14208,94,10,151
13462,252,9,151
14066,266,7,152
17984,145,48,152
16248,61,7,152
13514,73,4,152
18138,295,8,152
17707,185,5,152
14039,33,6,152
17898,85,28,152
17517,308,11,153
16351,332,8,153
17714,320,10,153
17286,21,45,153
14046,284,14,154
15226,310,8,154
17698,260,8,154
17026,185,4,154
15740,49,9,154
17899,159,32,155
14368,319,8,155
16720,26,27,155
17832,49,61,155
17871,204,10,155
15447,330,9,155
13898,325,12,155
14813,369,30,155
15007,159,12,156
15438,131,25,156
15263,106,12,156
14406,119,8,156
17556,205,6,157
17118,317,10,157
17128,334,14,157
14799,51,13,157
14585,50,29,157
14148,233,3,157
15160,357,4,158
13937,169,9,158
15348,72,9,158
17165,284,10,158
15988,19,27,158
18224,263,10,158
16213,78,6,159
13420,149,8,159
12966,9,10,160
14714,24,10,160
13229,225,10,160
17344,46,32,160
18203,157,19,160
15852,186,22,160
18146,140,10,160
16932,53,53,161
16113,183,30,161
14204,2,44,161
14362,22,41,161
15458,25,7,161
14237,373,9,161
17600,17,13,161
14089,56,14,161
16517,277,17,162
15733,282,10,162
15325,103,49,162
15167,320,41,163
16406,18,63,163
17110,165,12,163
14354,5,9,163
18200,106,32,163
13223,200,5,163
13603,26,27,164
17535,280,13,164
12920,17,28,164
15904,8,30,164
14485,38,47,165
18042,53,7,165
15316,326,1,165
14552,151,58,165
13470,99,10,165
14295,40,5,166
17650,21,8,166
18014,28,32,166
16405,302,5,167
17561,19,46,167
18088,61,39,167
15920,154,60,167
16952,109,16,167
14578,3,24,168
15888,80,12,168
15986,30,14,168
17367,238,34,168
16282,339,11,168
18269,366,7,168
18099,127,19,168
15374,128,3,168
17737,9,10,168
16921,61,60,169
18004,362,40,169
14218,42,12,169
13962,21,11,169
15016,172,20,170
14860,19,11,170
18058,9,3,170
17542,269,25,170
17245,204,9,171
16773,57,26,171
14536,259,19,171
15432,23,10,171
13922,351,7,172
13690,59,9,172
14693,264,8,172
18048,203,7,172
18278,73,9,173
16861,59,6,173
15670,296,12,173
16565,364,3,173
14798,52,12,173
15335,53,36,173
15565,50,8,173
14355,365,11,174
13560,7,33,174
18010,256,14,174
14518,64,16,174
17582,236,29,175
17331,123,1,175
18274,30,11,175
16144,246,1,175
14287,8,9,176
17947,37,9,176
12923,64,29,176
13072,266,7,177
13618,173,13,177
16403,312,10,177
17879,173,6,178
16620,3,9,178
13778,103,9,178
15262,323,10,178
17253,18,18,178
15139,239,13,178
17356,311,19,178
18282,7,12,178
15454,362,25,179
14705,198,1,179
15895,149,11,179
18147,45,7,179
16990,218,1,179
13598,47,40,180
15041,170,67,180
15292,201,25,180
13710,31,8,180
18280,277,10,180
16835,128,10,180
15886,60,12,181
16594,75,53,181
18119,367,30,181
15945,365,2,181
17772,10,53,182
14082,364,29,182
16680,43,10,183
14059,266,8,183
14326,242,8,183
13460,29,17,183
13059,249,8,183
15124,22,15,184
13482,232,11,184
17680,23,11,184
16433,28,17,184
14199,218,2,185
16097,240,10,185
17574,242,8,185
17440,156,5,186
13672,301,6,186
14551,18,10,186
15567,18,7,186
17279,57,9,187
18013,155,31,187
14722,147,29,187
17781,159,12,188
12893,30,34,188
16448,198,20,188
14697,218,22,188
13826,176,10,189
18045,45,47,189
13663,179,13,189
17885,12,64,190
17233,35,25,190
13972,70,15,190
13033,357,11,190
15412,171,10,190
15692,28,12,191
17904,21,38,191
14966,14,38,191
15909,173,7,191
13568,173,44,192
14768,17,5,192
15198,92,10,193
17608,33,59,193
16847,43,12,193
14801,61,59,193
14806,75,11,193
15683,117,10,193
17343,355,17,193
16887,35,37,194
14087,2,69,194
17475,79,14,194
14100,137,26,194
17010,18,11,195
16112,143,16,195
14666,24,14,195
15612,36,6,195
13792,66,13,195
13436,1,12,196
17660,141,45,196
15746,134,28,196
13978,14,15,196
14185,331,3,197
16178,138,8,197
14789,28,6,197
16829,156,11,197
17301,21,66,197
15234,276,14,197
14830,53,40,197
17987,185,13,198
15593,70,5,199
13322,17,25,199
16832,184,12,199
17383,4,51,199
13723,217,6,199
17693,137,16,200
14782,319,6,200
13262,263,11,200
13980,60,11,200
15437,262,45,200
13284,330,13,201
13295,359,10,201
15347,366,5,201
13859,326,28,201
16965,226,26,201
17988,11,38,201
14381,52,56,202
14385,9,14,202
18169,60,9,202
17187,226,10,203
17376,70,24,203
15723,364,41,203
17891,162,34,203
17394,219,4,203
17889,212,21,203
17206,53,7,204
18273,2,3,204
13017,7,1,204
15319,283,16,204
17670,227,11,205
13513,126,10,205
15307,95,12,205
17843,303,37,205
13065,373,14,205
15758,24,9,205
14964,247,13,206
18126,60,56,206
15820,319,17,206
17166,38,12,206
18191,261,7,207
16866,140,11,207
16323,196,1,207
16752,372,9,207
13099,99,1,207
17923,282,1,207
15925,194,12,207
17855,372,17,208
16457,218,9,208
15327,52,10,208
16914,36,38,208
17514,128,40,208
13828,22,15,209
13532,33,66,210
16415,44,54,210
12995,85,3,211
16017,47,32,211
15703,264,5,211
16356,197,31,211
17928,45,23,212
16591,68,10,213
14984,19,41,213
13621,116,19,213
15540,11,15,213
14601,10,7,213
17153,24,14,213
14241,183,10,213
13411,107,18,213
16846,50,11,214
16338,157,11,214
16647,169,14,214
16411,19,45,214
17580,252,45,215
12831,262,9,215
16190,40,6,215
16519,25,13,215
14476,257,19,215
15052,319,30,215
16179,60,11,215
16189,15,11,215
12897,204,4,216
13739,18,3,216
15604,52,17,216
14104,154,21,216
17436,1,9,216
13503,71,17,216
13858,57,11,216
15460,354,58,216
16634,222,9,217
13271,37,96,217
15554,277,14,217
16080,81,10,217
17619,312,77,218
13428,10,74,218
13669,50,9,218
14570,280,29,218
15724,201,11,218
16895,64,69,219
13600,312,19,219
15096,42,11,219
13079,4,6,220
15790,10,35,220
18114,290,28,220
16482,15,18,220
14598,44,50,221
13419,63,16,221
16392,269,45,221
14960,8,27,221
13382,280,15,222
15897,194,24,222
13926,23,11,223
16753,58,34,223
14929,32,11,223
17534,53,9,223
16471,274,13,223
15637,52,15,223
18101,11,41,223
15175,71,23,224
17171,289,16,224
14052,19,56,225
17789,281,14,225
16690,72,12,225
14357,43,41,225
14624,57,13,225
16587,232,13,225
16315,330,14,226
16619,263,14,226
16777,80,50,226
17212,253,4,226
17572,71,12,226
14569,1,12,227
17347,86,1,228
13070,192,9,228
13712,246,10,228
13146,26,17,228
16527,81,14,228
14793,21,14,228
17969,166,14,228
13474,236,64,229
15528,254,26,229
13008,323,14,229
13960,21,12,230
15866,101,45,230
18030,4,9,230
13786,367,7,230
16445,33,63,230
16926,371,14,230
16641,105,12,231
15393,16,12,231
16117,189,30,232
18213,236,15,232
13678,151,16,232
15483,161,88,233
16302,126,11,233
14995,38,61,233
13348,64,14,233
16583,373,14,233
15462,94,11,234
17060,266,5,234
14473,74,7,234
16961,116,14,234
18110,19,46,236
16026,43,32,236
13187,337,37,236
17877,170,12,237
15457,262,58,237
14586,276,19,237
15850,19,97,238
17181,57,23,239
15690,4,19,239
13570,243,27,239
16756,214,13,239
17684,43,15,239
15286,49,3,240
17256,107,16,240
15598,53,14,240
13565,19,38,240
14523,108,12,241
16427,263,9,241
15776,133,18,241
16215,80,14,242
17339,94,9,243
14647,201,30,243
17908,373,58,243
13886,71,16,243
18193,165,16,243
15634,17,15,243
16793,57,16,243
13103,39,8,243
16601,40,31,244
17925,372,1,244
16528,3,17,244
17892,56,28,244
15118,134,1,244
16778,74,16,245
17771,56,54,245
15783,10,14,246
17278,241,15,246
14658,5,29,247
13349,10,16,247
13592,35,16,247
18072,185,18,247
17051,194,43,247
18212,326,43,248
17111,47,30,248
13061,72,10,248
16510,372,13,248
15097,4,25,248
16124,317,11,249
17456,365,17,249
18005,3,60,249
13207,15,8,250
15510,330,1,250
16596,15,12,250
17303,361,53,250
17155,17,20,251
16976,267,2,251
16024,12,64,251
13512,260,15,251
16836,39,11,251
14501,183,10,251
16330,17,39,251
13404,1,11,252
15346,332,17,252
17860,368,58,252
13711,218,13,252
15035,89,27,252
13645,120,5,252
15759,218,7,253
14765,29,39,254
15689,119,9,254
15261,135,19,254
14881,19,17,255
14761,58,11,255
16226,203,8,255
15277,46,12,255
16048,373,8,256
17896,23,2,256
13806,63,10,256
14375,185,75,257
18009,235,32,257
13227,201,9,257
13626,252,19,257
13277,15,8,258
15577,151,39,258
15143,225,14,259
13127,77,15,259
17125,50,40,259
16447,135,36,259
13189,18,29,260
14053,124,4,260
15014,43,35,260
17385,14,47,261
16936,25,57,262
17194,273,29,262
16413,56,31,262
15894,253,41,263
14452,10,62,264
15912,178,19,264
13973,287,11,264
14068,320,24,265
15019,266,70,265
14423,218,3,265
17430,32,14,265
14863,29,11,266
12962,7,16,266
16451,87,14,266
15119,245,14,266
15320,44,36,267
17708,187,35,267
17550,197,42,267
15408,264,34,267
15517,233,27,267
14727,274,10,268
17011,30,15,270
13533,182,76,270
13242,112,13,270
14520,1,4,270
15774,68,25,270
17767,15,21,271
17496,358,10,271
18108,254,17,271
13058,24,8,271
13837,211,19,271
14816,197,4,271
17254,4,112,272
14819,64,13,272
13917,49,18,272
16727,364,46,272
17498,75,17,272
16313,3,16,274
14512,187,23,275
13272,31,15,276
16883,187,38,276
14508,22,57,276
14908,74,9,277
13803,255,17,277
17968,373,85,277
15355,29,14,277
17786,85,72,278
14764,46,6,278
15556,24,31,279
14975,57,11,279
14480,11,13,279
16149,4,18,280
14242,234,16,280
13606,29,43,280
16557,24,11,281
16848,52,14,281
17403,36,33,281
13177,64,17,282
17247,15,55,282
14350,274,18,282
13754,151,12,282
18270,38,11,283
17694,141,15,283
17251,362,39,283
13439,255,54,283
17783,72,67,283
13121,269,50,283
18190,192,15,284
16429,106,2,284
16555,35,17,285
14660,86,30,285
17636,19,20,285
13760,54,57,286
17080,22,8,287
16432,64,8,287
17760,21,25,287
16808,99,23,288
15396,112,14,288
17501,220,18,288
17977,29,21,288
17464,158,9,289
16897,299,37,289
14162,173,25,289
14784,26,15,289
16125,367,13,289
14549,311,56,289
14953,25,55,289
15279,354,19,290
17081,25,64,290
17691,358,19,290
16526,171,15,290
14947,72,14,290
16648,42,19,290
13544,39,87,291
14656,169,80,291
13449,23,19,291
13502,16,18,291
15545,54,81,292
13259,61,87,292
16721,262,37,292
17163,21,5,293
12829,336,11,293
13573,50,26,294
15732,212,14,294
16998,149,4,295
13504,64,22,295
13751,288,9,296
13441,91,13,296
14985,198,87,296
15857,18,14,296
15154,75,85,296
13708,271,51,296
17531,190,14,296
17824,51,13,298
12881,275,7,298
17124,185,32,298
15609,184,16,298
17255,40,78,298
17678,263,16,298
16402,264,60,299
18215,89,13,299
13304,351,21,300
15254,127,18,300
18053,70,20,300
16430,57,6,300
14762,263,21,300
17978,365,12,300
16479,10,35,300
13479,200,15,300
13745,162,25,300
15148,10,20,301
15667,39,13,301
16715,78,19,301
15623,141,19,301
16297,268,20,301
17094,322,14,301
16425,302,21,302
14248,318,8,302
15054,12,114,302
17506,75,14,302
16104,61,29,302
16292,121,17,302
18165,177,10,302
17732,372,18,303
16400,94,29,303
15060,8,121,303
17433,88,54,303
13083,4,18,303
18185,249,17,304
15163,18,29,304
17941,130,2,304
16217,235,15,304
16181,73,11,305
16796,89,18,305
18220,226,2,305
13863,247,20,305
15219,176,9,305
13045,99,18,305
13667,149,87,305
17176,201,15,306
18059,23,19,306
16668,15,20,306
17551,359,43,306
13762,218,7,306
13718,246,12,306
15087,281,15,306
15659,43,11,306
13060,253,15,307
14915,91,12,307
13466,184,17,307
13142,19,23,307
17334,302,11,307
13529,78,15,307
15973,366,4,307
13395,185,21,307
16123,51,16,307
13932,294,16,307
17120,233,18,307
13699,155,14,308
13369,365,14,308
16956,17,16,308
15010,35,20,308
17510,24,20,308
17604,217,63,309
14339,242,14,309
16810,192,15,309
15661,317,5,309
12884,88,7,309
14847,148,13,309
15699,17,18,309
13787,75,31,309
15308,274,19,310
14924,245,10,310
14311,242,20,310
17266,2,80,310
15185,70,21,310
13990,213,16,311
17912,310,38,311
12852,294,17,311
16450,149,11,311
13897,50,17,311
15326,333,29,311
16781,372,17,311
17854,185,15,311
14327,163,12,311
14142,373,22,311
14951,79,20,311
15318,3,33,312
12834,282,18,312
17362,239,35,312
17070,114,64,312
13845,64,9,312
14729,373,71,313
16582,113,6,313
13484,241,8,313
17237,11,19,314
16193,236,19,314
15970,303,11,314
16227,225,6,314
15766,64,11,315
16091,154,18,315
15204,357,9,316
16473,164,18,316
13494,311,18,316
15243,74,22,316
17458,15,54,316
14479,253,18,316
15385,40,12,316
16761,96,13,316
15101,8,8,317
17267,127,38,317
15257,283,7,317
17172,78,15,317
16386,28,88,317
14703,14,22,318
17229,96,47,318
18066,75,10,318
17248,120,69,318
16674,54,98,319
16967,189,21,319
15107,311,17,319
17157,7,13,319
13986,17,13,320
14622,184,21,320
18117,25,74,320
16096,264,12,320
14484,50,14,321
15236,298,15,321
14823,180,70,321
14424,17,1,322
16342,75,15,322
13955,154,33,322
15224,358,14,322
16627,79,20,322
16739,176,13,323
15675,81,21,323
17793,25,58,323
16685,61,62,324
13801,66,23,324
18261,43,21,324
15597,35,22,324
14555,57,21,324
15944,276,6,325
12844,29,52,325
16830,38,23,325
14850,311,21,325
16071,44,21,326
17715,200,1,326
14987,15,4,326
15363,372,16,326
16322,1,37,326
15314,199,24,327
16366,18,18,327
14870,261,13,327
14024,121,16,327
14012,277,11,328
16855,23,19,328
14206,239,20,328
14747,249,18,328
16318,35,19,328
15213,318,24,328
13239,261,22,329
17866,142,9,329
14716,43,55,329
12953,9,17,329
17615,130,14,329
15153,31,22,329
17154,75,23,329
17862,323,11,330
13706,302,20,330
16593,50,27,330
15130,169,22,330
14517,33,18,330
15714,11,35,330
16177,50,15,331
16478,25,17,331
16030,309,29,331
15210,225,20,331
12891,185,3,331
14902,25,20,332
16850,333,19,332
16803,65,24,332
13904,37,26,332
13216,267,5,333
13727,28,20,333
14264,154,17,333
16625,274,23,333
14988,211,40,334
15918,190,40,334
15466,85,57,334
16063,260,23,335
18276,43,14,335
17221,7,63,335
14196,106,6,335
14954,12,85,336
18078,217,29,336
15921,172,25,336
15619,10,3,336
17384,19,15,336
17914,3,80,336
16105,248,13,336
17973,51,15,337
15942,133,14,337
15652,91,21,337
13930,57,17,337
17839,42,56,338
17697,236,19,338
16183,67,15,338
13737,200,30,339
16545,164,3,339
17045,113,22,339
15115,18,21,340
14491,175,17,340
13347,70,8,341
17917,45,94,341
16826,51,22,341
16851,4,20,342
17201,53,40,342
15880,369,105,343
12875,143,2,343
15047,269,22,343
15520,1,18,343
18081,36,17,343
16978,77,39,344
13068,10,2,344
14633,266,20,344
17569,332,29,344
13091,28,21,345
13774,81,22,345
15781,25,20,345
17123,161,9,345
13062,191,11,346
16423,24,18,346
13649,256,23,346
17668,1,15,347
15579,68,51,348
18127,19,47,348
14379,44,46,348
13497,282,19,348
16159,281,14,348
13927,74,21,348
13790,4,45,348
13052,212,18,348
13887,204,19,349
15405,189,8,349
18250,310,21,349
13670,75,25,349
13108,372,10,350
17835,2,61,350
13332,14,21,350
13740,240,23,350
17795,179,46,350
15900,23,51,351
15789,358,25,351
13923,53,20,351
15334,156,99,351
18112,12,26,352
15678,52,12,352
13210,93,22,353
17976,372,65,353
13173,4,43,353
13343,177,19,353
17252,116,87,353
14804,8,12,353
17222,65,28,354
12845,267,27,354
12888,214,5,354
13642,215,66,354
15870,32,76,354
14537,57,10,355
17742,113,15,355
15840,58,27,355
15247,122,6,356
13453,165,17,356
15713,143,19,356
14500,88,7,356
16971,38,41,357
16274,373,67,357
17025,60,9,357
18040,19,19,357
13976,206,10,357
16823,227,38,358
15120,133,21,358
17948,147,1,358
13228,81,2,358
16595,61,85,360
13298,1,2,360
13780,7,57,360
15872,14,128,360
16305,138,22,361
13844,11,20,361
13291,155,42,361
16378,247,23,362
16052,54,34,362
17330,22,6,363
14427,50,17,363
15901,16,116,363
18056,288,19,363
14171,98,58,363
16509,296,13,363
12915,148,22,363
16485,77,42,363
15343,87,21,364
14528,37,18,364
15949,16,19,364
14886,252,18,364
17432,18,48,365
16202,360,18,365
16499,360,19,365
17358,303,59,365
17911,9,39,366
16372,33,97,367
14888,207,20,369
16758,65,22,369
15922,373,11,369
16343,16,47,370
15063,213,5,370
15975,84,24,371
14950,19,19,371
14690,44,50,371
15472,113,76,371
17765,158,57,371
13300,169,20,371
18155,75,25,371
16065,365,74,372
12895,42,22,372
12981,29,20,372
13351,66,16,373
13569,17,85,373
16903,29,60,373
16147,133,22,374
17492,248,12,374
14067,63,52,374
12873,282,4,374
16858,368,10,375
14448,9,20,375
14079,124,12,375
17489,58,29,376
13936,179,26,376
17736,9,25,377
15025,33,72,377
13372,89,23,378
17078,36,28,378
13589,14,21,379
15885,92,18,379
14594,7,53,379
16909,72,18,379
16552,242,17,379
13656,164,49,379
17878,43,26,379
14731,47,45,380
17138,275,24,380
16930,26,54,380
16769,260,40,380
17031,11,22,380
12871,84,11,380
17573,29,25,380
12890,24,82,380
16441,67,24,381
15090,308,23,381
17999,37,93,382
13657,10,16,382
17239,312,15,382
18181,24,44,382
15424,254,17,383
14304,222,17,383
15440,54,62,383
12832,32,27,383
17205,53,13,384
17189,106,61,384
16982,60,22,384
17250,3,57,384
15048,65,97,384
13833,159,29,384
13821,144,59,385
17711,10,23,385
14779,280,41,386
15664,50,17,386
14114,273,15,386
14420,99,29,387
17817,4,33,387
15592,46,24,388
13899,16,19,388
14538,64,19,388
17357,24,45,388
16776,60,76,388
13856,168,14,388
17438,253,17,388
17595,12,83,388
13345,287,20,389
18024,152,21,389
15847,38,22,389
17936,5,77,389
13873,119,23,389
16250,261,24,389
14752,43,5,389
17614,57,100,390
12982,242,28,390
16917,276,9,391
15837,64,24,391
15345,45,20,393
14600,305,25,393
17226,308,21,393
15264,64,23,393
17603,78,11,394
14619,245,20,394
16207,25,19,394
15386,186,31,394
16354,63,39,395
15883,2,49,396
13673,18,65,396
18067,40,37,396
13594,52,26,396
17486,261,24,396
17926,133,21,397
13352,60,24,397
15429,26,82,397
12824,59,25,397
17830,1,23,398
15522,32,57,398
18164,37,24,399
13255,9,13,399
18154,3,21,399
16500,4,11,400
17375,199,69,400
16198,75,15,400
15158,45,7,401
15221,366,5,403
17431,313,43,403
15938,112,18,404
16319,217,3,404
17379,11,83,404
16484,173,25,404
18036,32,96,405
12922,161,28,405
16204,23,57,405
14616,242,3,406
15342,129,24,406
16947,235,21,406
15127,65,16,406
15184,29,63,406
16010,245,86,407
17931,134,65,408
16399,19,73,408
15269,23,2,408
16018,39,28,408
14348,260,18,409
14048,305,85,409
15225,234,23,409
15695,266,22,409
12990,31,13,409
16243,33,51,409
15099,84,23,410
14670,280,132,411
17913,58,59,411
15186,14,19,411
16272,116,25,411
14620,205,26,412
15523,84,10,412
13827,57,93,412
16834,227,24,413
13974,49,28,413
17052,28,92,413
17483,65,21,414
12993,23,27,414
16795,365,66,414
16239,56,19,414
15725,15,32,415
14333,67,15,415
12930,78,25,415
14139,46,26,415
15803,51,8,415
13889,92,15,416
15935,239,12,416
13085,157,22,416
16957,239,16,416
16816,103,28,417
16737,53,1,417
13166,283,41,417
13615,318,23,417
12833,145,24,417
17701,252,24,417
16629,73,64,417
18001,12,58,417
15967,23,84,418
15361,361,7,418
14124,84,5,419
14757,75,19,420
15206,10,9,420
17232,2,36,421
13473,60,21,422
18240,46,6,422
17525,359,9,422
18034,21,112,422
16689,75,13,422
16119,8,16,423
17371,17,87,423
15012,53,128,423
13140,108,46,423
15639,134,25,425
17134,106,24,425
16780,100,60,425
17223,310,49,426
15930,67,21,426
14288,213,16,426
15994,54,35,427
15360,39,13,427
17869,107,40,428
13602,64,23,428
16324,128,118,428
15957,31,42,428
15450,30,30,429
14998,170,75,429
16884,37,26,429
15230,239,23,429
15976,165,98,430
12827,5,25,430
13245,50,16,430
18106,329,39,430
14157,19,48,432
16236,78,20,432
16881,66,1,432
17035,245,28,433
14460,110,16,434
14910,2,30,434
16948,138,19,435
16084,299,38,436
15551,36,29,436
15553,60,56,437
14272,73,33,437
16034,196,22,437
16025,29,28,439
13954,1,25,439
13358,268,29,439
13359,63,23,439
16968,4,31,439
15524,24,1,440
14022,225,28,440
18233,325,1,440
14093,12,105,442
14638,50,16,443
18222,92,19,443
16404,70,23,443
17190,58,19,444
18006,23,22,444
15889,156,93,446
15368,21,4,446
17370,72,33,446
14149,220,28,446
15646,157,35,447
15456,283,60,447
14780,54,27,447
17579,4,50,448
13489,105,14,449
15739,66,8,449
17040,137,15,449
14173,10,29,450
15802,142,1,451
16574,71,28,451
12970,7,151,452
14184,66,24,452
18071,257,25,453
18158,9,34,453
17564,24,49,454
15475,77,29,454
13485,233,23,454
12999,196,28,455
14513,100,12,455
15585,176,31,455
16529,190,30,455
17392,306,62,457
15092,215,26,457
13398,192,26,457
15121,50,28,457
13506,316,26,458
15754,51,28,458
17880,364,26,458
16589,71,33,459
16805,173,98,460
16824,15,26,460
14470,11,43,461
14331,124,28,462
12945,288,23,462
16586,248,8,463
17418,42,30,463
14489,207,30,463
14967,49,6,463
16742,46,1,464
13928,10,27,464
17140,247,20,465
13248,124,26,465
15036,72,127,465
14205,16,24,466
15468,51,24,467
13579,14,23,467
14029,63,15,467
14896,204,43,468
13171,21,46,468
15471,2,77,469
15026,80,61,469
14431,302,17,470
15963,19,28,470
13066,24,48,470
17964,31,104,471
16038,7,26,471
16885,15,101,471
15557,28,20,473
16374,66,111,473
14013,110,34,473
15349,158,72,473
15780,183,29,475
14497,309,29,475
14853,24,9,475
18176,358,30,476
14320,206,31,477
13092,70,25,477
16768,47,54,478
15589,255,29,478
16008,23,33,478
16812,360,15,479
15091,67,30,480
18216,31,26,481
16603,74,34,482
16693,68,60,482
17950,72,71,482
14147,78,5,483
14450,180,40,483
17555,19,106,483
13531,205,22,483
14130,319,67,483
16999,23,23,484
16518,61,40,484
16504,25,86,484
15109,245,28,484
13675,151,25,486
13153,5,15,486
17453,17,19,486
15287,22,20,486
13338,157,19,487
14396,65,73,487
16643,245,27,487
15165,373,27,487
17361,49,29,488
18074,373,13,489
15000,47,77,490
14236,80,15,490
14416,22,14,490
13732,28,33,491
14270,331,29,492
15507,171,46,492
13176,46,72,492
15877,1,129,493
15448,312,28,494
17333,85,28,494
16352,17,28,494
17374,218,28,495
15300,64,28,496
15018,38,31,496
16820,95,26,497
16368,2,76,497
17495,7,27,497
17298,101,30,498
15142,46,26,498
14681,71,7,498
17053,130,13,498
16488,33,29,498
14077,40,42,499
15193,60,19,499
14958,147,42,499
15389,172,1,500
16616,15,33,500
13865,58,30,501
15881,312,29,501
13247,17,25,501
13116,138,30,501
16863,31,26,502
15006,51,144,502
17630,169,26,503
12991,23,31,503
15081,22,33,504
14014,77,39,505
13885,189,28,506
16614,182,26,506
16960,38,101,507
15721,11,91,507
17415,79,14,507
14820,21,29,507
14158,40,41,507
17958,116,7,508
17391,163,3,508
15417,85,28,508
14317,64,24,508
16898,26,162,508
12904,18,72,509
15406,31,53,510
16561,5,31,511
17480,77,29,511
14851,23,28,511
17805,73,10,512
13005,173,26,513
17513,72,6,513
15246,238,33,514
15809,36,35,515
13043,273,13,516
15882,198,23,516
17454,192,61,517
18205,36,32,517
16135,262,21,517
16650,71,24,518
16955,184,25,518
15030,71,7,518
13643,31,28,519
14873,210,28,519
15149,133,23,520
12863,52,5,521
14871,3,98,522
17712,44,29,522
18017,81,3,523
17329,14,33,523
17429,128,39,524
15891,226,62,524
13721,36,28,524
15467,9,52,524
17290,3,102,525
16892,1,99,525
18252,50,98,526
17623,32,33,527
16602,36,29,528
17631,1,39,528
16185,16,31,529
14463,98,6,529
14002,134,47,529
18159,301,23,530
16706,37,123,531
15756,61,192,532
15825,172,20,532
15433,213,41,533
13217,122,4,533
13000,106,31,534
13385,329,35,534
13434,74,10,534
16142,249,37,535
12988,292,92,535
15535,173,75,536
16233,71,22,536
16804,23,60,536
14539,15,32,537
16206,54,63,537
17345,15,87,537
15043,31,3,537
15452,29,58,538
17062,313,70,538
14496,311,19,538
15469,50,24,538
15539,7,41,538
13874,358,18,540
17447,40,36,541
17557,14,34,541
16230,189,35,542
13278,40,46,542
16927,115,6,543
16475,88,28,544
13390,74,13,544
13617,40,44,544
14997,46,26,546
17520,53,30,546
17806,11,43,546
16811,4,28,547
16211,88,23,547
17637,31,35,547
14474,46,29,547
16031,92,100,548
16536,110,55,548
16340,107,153,549
17235,25,29,550
17291,308,1,550
17674,74,27,551
15068,46,104,553
14618,9,16,553
14891,148,33,554
14805,15,47,554
16385,60,59,555
17295,28,69,556
13260,61,8,557
17955,198,19,557
13800,309,33,558
17503,2,38,558
12987,73,28,558
16275,196,33,559
14177,86,42,559
18043,24,121,559
14273,51,29,559
15655,243,34,560
13044,291,33,560
13946,79,11,561
17265,138,127,562
15344,0,26,563
14753,87,30,563
16933,1,44,563
13894,23,27,564
18150,32,37,566
17897,172,114,566
16278,100,23,566
13321,72,11,567
13939,23,45,568
14592,35,164,570
16667,68,53,570
15315,64,37,570
15821,44,62,570
17616,173,3,571
13379,26,97,572
13405,74,27,572
15415,313,48,572
12879,44,10,573
15339,66,86,574
14400,149,25,574
14167,39,52,574
15303,290,31,574
15550,4,61,575
13487,57,34,575
16345,44,38,575
15830,37,39,576
14176,297,31,576
16916,23,143,576
13292,38,31,578
17540,24,25,578
17142,239,15,578
16906,81,93,579
18095,312,21,580
13427,19,29,582
17970,211,31,582
15762,65,37,583
16384,89,33,584
14023,7,31,584
13557,28,34,584
16072,288,23,584
17360,17,132,585
15222,318,5,585
17014,8,74,586
17351,36,27,587
16838,197,25,588
15624,116,34,588
14338,161,31,588
18123,24,36,589
14882,26,11,589
16723,91,43,589
13270,366,1,590
13276,63,30,590
13452,259,2,590
14692,137,68,591
16203,58,35,592
18232,81,37,592
16535,5,31,593
16325,46,18,594
15442,248,2,594
12917,128,2,594
17658,25,19,595
14284,30,32,595
15381,213,8,596
18246,23,4,596
14108,30,34,597
14645,156,30,597
16788,123,155,597
17864,12,102,597
14467,17,90,598
15720,24,128,598
13959,79,92,598
16298,22,27,598
17420,50,30,598
13311,4,26,598
12872,326,66,599
14965,96,83,599
18211,25,42,600
13243,203,58,600
16654,141,29,601
14609,72,4,601
15366,75,44,602
17890,322,94,602
17259,148,124,603
16732,31,28,603
12944,35,30,604
17664,18,43,604
14675,16,102,604
17849,218,26,605
14133,129,28,605
17507,261,88,605
13888,119,40,605
13233,74,43,605
14323,114,36,605
13558,5,175,605
14710,14,139,606
17119,3,35,606
12933,24,106,607
15573,31,104,607
13933,109,23,608
13357,257,90,609
14636,36,28,609
13731,219,38,610
15795,149,42,610
16109,218,18,611
16763,198,23,611
16116,211,34,612
15232,113,31,612
18149,50,16,612
15645,18,52,612
16566,15,18,614
16005,12,218,615
15275,37,41,615
16311,17,37,616
14905,157,17,616
16442,1,174,616
14593,21,152,617
14377,191,11,617
16134,21,35,618
13301,103,81,618
16613,70,30,618
13145,39,6,618
14529,60,229,620
16141,88,30,620
18217,29,31,621
13402,127,39,621
17640,86,5,621
15768,115,27,621
16915,9,57,621
14152,75,49,621
15182,154,29,622
17499,289,40,622
17460,94,29,622
16718,369,45,623
16750,44,95,623
15258,168,34,623
15147,240,28,623
13368,256,29,623
15402,148,42,626
13546,12,98,626
14036,284,38,626
13914,11,33,626
14382,26,131,626
15028,8,48,627
13525,14,6,628
16022,260,76,628
14687,106,15,628
13046,30,35,629
17990,236,29,630
15244,65,34,631
13539,85,37,631
14021,155,22,631
13892,26,27,632
18183,227,37,632
13822,5,96,632
16306,213,41,632
14220,247,21,632
17985,22,23,634
16139,18,31,635
15773,5,10,635
14000,211,15,635
15829,99,51,636
14481,164,30,636
14664,19,99,637
14128,60,46,637
18160,57,39,638
14754,44,41,638
17515,31,87,639
15919,19,143,639
13417,4,28,640
14301,117,13,640
13318,1,20,640
15297,10,39,641
15384,169,41,642
14020,16,39,642
16431,213,83,642
17046,157,22,642
13034,54,37,642
17312,138,14,644
17545,43,145,645
14855,119,20,645
17373,40,57,646
15651,36,32,646
16469,23,182,650
16969,39,42,650
15571,11,57,650
16734,52,53,650
14034,22,89,651
14044,26,209,652
14548,150,4,652
17523,11,33,652
15205,85,37,653
18151,134,38,653
17398,114,38,653
13496,10,35,653
14651,67,102,654
16444,46,84,654
14894,85,23,655
16708,45,27,656
16157,15,18,656
13049,64,14,656
16127,39,40,656
15648,204,25,657
17459,43,111,657
15677,49,33,657
16696,135,10,657
14818,73,48,657
17779,21,82,658
16357,33,34,658
14150,35,26,658
15492,28,35,659
13518,85,38,659
13759,33,25,659
14603,274,2,660
13028,22,45,661
16774,67,48,661
16014,37,145,662
18218,211,21,662
14451,60,109,662
16573,84,42,663
13240,96,67,663
14720,5,37,663
13963,308,35,664
16208,44,66,664
16056,45,68,664
15643,191,33,664
17777,24,194,665
17105,159,90,665
15969,2,20,666
16268,71,45,667
13741,71,34,668
18022,35,191,668
14342,21,21,668
15031,4,111,668
16383,74,102,668
17299,11,57,669
17883,3,145,671
14628,91,24,671
18121,149,32,673
14504,47,107,673
17749,178,35,674
13464,58,41,674
13355,122,32,674
13951,176,39,674
15626,74,49,675
17462,60,27,675
16418,44,102,675
13325,81,12,675
16377,267,5,676
13040,8,43,676
13388,131,35,677
13607,40,98,678
17994,121,81,678
13925,92,41,678
14788,7,30,679
13430,18,49,679
15322,85,42,679
16872,77,7,680
13524,40,27,680
18135,29,20,681
15582,24,44,682
13548,96,124,682
12942,131,75,683
17874,185,46,683
12838,33,123,683
14222,177,41,683
16495,3,97,684
16122,73,38,684
15669,40,33,684
16642,4,34,688
13799,116,39,688
13023,64,40,689
18196,95,141,689
17502,9,28,689
18085,330,29,689
15181,66,16,689
16212,19,41,690
13838,5,174,691
14111,14,10,692
17198,23,96,692
17733,38,35,692
13601,45,99,693
14643,170,31,693
12925,4,45,694
15304,60,23,694
14009,198,42,695
14959,64,59,695
17397,22,92,696
15700,172,86,696
15053,4,71,697
17796,40,82,697
14829,29,42,697
13596,5,166,697
17423,46,26,698
13258,11,38,698
15800,107,119,699
17734,53,43,700
13238,17,31,700
17321,8,107,700
14198,18,39,701
14356,79,33,701
16997,288,12,702
15574,177,168,702
18082,25,73,703
15103,31,35,703
12883,24,42,703
17934,51,21,704
16882,66,39,705
16015,3,182,705
15038,58,130,705
16309,106,42,706
14126,7,15,706
14880,77,47,706
16364,11,53,707
16449,197,40,707
15951,8,41,708
16136,59,37,709
14127,122,44,709
14867,185,36,710
17472,191,181,710
17179,178,80,711
13705,7,28,711
13249,92,23,711
17642,119,40,712
13169,63,13,712
13587,63,8,712
13147,10,4,712
17761,32,19,712
13416,43,19,712
15855,136,80,712
15330,32,13,714
15757,65,45,714
17029,110,2,716
15274,4,47,716
15400,92,12,716
17884,3,117,717
14725,24,52,718
16023,46,101,719
14179,40,165,719
18062,173,27,720
15272,57,63,721
17521,29,45,723
15636,89,25,724
14055,106,10,725
15584,23,123,725
14869,8,71,725
16140,65,35,725
17888,21,67,726
17666,3,18,728
13077,1,112,729
18035,35,53,730
14778,127,35,730
16099,50,39,731
16491,46,39,731
13736,5,191,731
17812,12,141,732
13575,23,46,732
16146,157,29,734
18156,12,140,734
16362,32,81,734
15215,46,35,734
15045,151,12,735
14756,15,38,738
12976,211,22,738
15252,36,44,740
13900,183,43,740
17974,24,179,740
17692,127,46,740
13753,287,35,741
13354,71,51,743
16730,52,82,743
13236,24,36,744
13950,11,35,745
17034,16,30,745
14790,16,46,745
14050,31,54,746
16261,17,124,746
13623,30,81,747
16859,144,52,747
14201,60,37,747
15074,105,42,748
15656,45,47,748
17146,105,35,749
14923,50,44,749
12908,176,2,750
13730,135,43,752
16256,266,13,752
18104,37,38,754
13370,371,39,754
15223,225,20,755
17461,22,111,757
17979,35,146,757
16036,87,55,758
15568,2,53,758
17425,19,43,759
14883,18,53,761
16205,30,98,761
15599,26,52,761
16470,51,170,762
17268,107,6,763
17466,10,41,763
17695,131,35,765
14550,10,48,765
14885,131,15,765
14672,234,61,765
17516,15,137,768
13356,80,42,768
16480,75,53,769
14412,42,43,770
16770,57,145,770
14662,28,168,771
17409,184,13,771
12965,89,109,771
15075,77,27,773
16043,37,39,773
15414,9,39,774
13314,1,62,775
16825,38,28,775
13341,260,42,775
14234,22,159,775
15618,32,45,776
13563,84,49,777
16505,31,4,777
15353,254,63,777
17411,12,41,778
17414,43,6,778
13375,88,37,778
14815,36,53,778
18228,56,30,779
15239,10,49,780
17797,22,111,780
17341,156,183,781
15679,24,110,781
16725,302,151,781
17006,4,44,781
13583,155,53,781
16054,145,70,783
17387,19,78,784
18136,63,38,784
15743,16,88,784
15806,46,31,784
13109,59,47,786
13884,7,59,787
13323,3,21,787
16546,290,25,787
14557,85,16,788
13212,19,142,788
13016,73,47,789
13329,31,17,789
16759,7,42,789
14976,57,72,790
13167,18,65,791
15990,44,52,792
13336,77,51,795
17180,56,128,796
13389,11,51,797
16438,5,132,798
17703,35,55,798
13720,116,43,799
13030,11,99,799
15561,11,27,800
17905,71,34,800
16806,103,103,801
18265,72,46,801
15831,58,68,801
18248,122,47,804
16367,37,130,804
15952,33,91,806
13707,267,48,806
15533,19,83,807
17114,5,127,808
16891,1,203,809
13637,52,101,810
16624,80,48,810
16276,176,6,810
17980,165,30,811
15644,166,238,812
16600,4,62,813
14421,57,27,813
16621,51,29,813
13280,122,85,814
16460,28,135,814
18064,133,7,814
14499,26,194,815
15399,1,50,815
16943,211,33,816
15649,336,2,816
16092,114,51,817
17764,50,75,818
13220,78,21,819
13893,297,21,821
16164,17,34,822
16284,31,109,823
15525,2,178,825
16869,22,128,825
17921,64,145,826
16494,296,50,826
13681,17,57,827
14644,67,26,830
15862,8,147,832
16644,177,62,833
17759,17,95,834
17075,17,77,834
13835,25,55,834
17169,57,54,835
16747,37,42,836
15832,254,54,836
17115,8,39,837
16554,42,52,837
13940,17,49,839
17076,36,25,841
14862,25,48,841
16560,26,57,841
16108,84,48,842
13929,169,9,842
17624,14,50,843
15164,68,103,843
17929,11,5,843
15965,17,122,845
14803,162,44,845
16924,21,83,846
16222,318,137,846
13221,240,66,847
14657,17,126,848
16020,16,46,851
16070,22,33,852
14193,67,42,853
16877,12,159,853
17560,94,27,854
12878,236,47,854
13991,12,84,855
16037,269,39,855
16163,232,6,856
14553,19,113,859
14577,12,123,859
17064,58,62,859
13339,200,54,860
16266,73,61,861
16221,36,97,864
13846,24,55,865
16567,194,35,865
14332,22,26,866
16235,40,46,867
14715,24,71,867
16121,57,212,867
17649,138,52,868
13203,9,57,869
13979,73,54,869
13200,19,46,870
15208,1,42,870
12847,22,91,871
13294,189,54,873
13566,40,176,874
16513,4,35,874
15100,333,3,876
14770,232,52,876
15653,92,6,877
15076,172,49,880
13037,138,48,881
18236,29,49,882
14597,11,55,883
15799,75,98,884
17109,29,117,885
15822,3,33,885
17704,168,31,885
16900,16,79,887
16347,11,92,887
14344,127,71,889
14623,32,134,889
17007,50,52,889
17027,78,153,890
15255,66,47,890
14240,30,42,890
13515,72,59,891
15066,53,42,893
15211,60,52,894
15079,212,47,895
15865,40,40,895
16361,9,106,896
13662,85,53,897
17537,29,75,897
17886,31,109,899
14625,196,53,899
17566,8,152,901
17848,81,51,901
16716,266,2,901
15807,50,48,903
15022,11,135,905
14449,18,258,907
13038,80,28,908
15511,11,160,909
13689,63,6,910
14289,8,47,911
13192,95,63,911
18096,11,213,911
14359,19,55,912
13782,12,115,912
15587,50,9,913
12940,54,99,913
15364,95,29,913
16809,23,149,914
16216,267,37,914
14141,2,40,915
17236,12,105,916
14015,52,20,917
14712,29,25,917
15253,16,53,918
13549,25,51,918
13075,129,22,919
13984,26,16,920
17018,40,16,920
17323,15,200,921
13035,73,27,921
13122,94,55,922
13934,263,31,922
15654,9,21,922
16551,95,32,922
13805,52,13,924
15312,75,47,924
14475,71,42,925
17048,117,43,925
14231,183,50,925
17552,60,49,930
18133,212,1,931
14532,236,64,932
13655,114,56,932
12924,88,30,933
16657,9,208,933
14081,302,153,934
16027,91,16,934
14140,3,66,935
16584,80,28,936
17527,53,47,939
17227,18,47,939
15289,29,58,939
15576,37,45,940
14075,4,43,942
12820,3,59,942
13261,268,9,944
17289,31,111,944
15707,35,214,945
13748,95,28,948
12822,70,46,948
15787,26,206,948
17044,25,6,948
13636,36,63,949
16934,54,62,950
16511,21,169,950
15421,58,53,950
17244,53,31,954
15835,44,50,954
15948,8,60,955
13823,18,40,957
18192,71,45,957
14629,4,152,959
15156,1,55,961
14006,115,30,962
13138,22,63,962
15793,14,12,965
15907,3,249,967
14256,260,53,969
17618,5,78,971
13155,33,85,971
17100,18,65,971
16419,112,51,972
18194,82,7,973
14522,24,17,974
12994,4,61,974
15449,26,60,974
15747,12,93,974
13026,1,40,975
15860,40,142,977
14920,212,57,977
15132,18,52,977
13350,16,40,979
13509,8,44,979
15506,22,164,979
18170,33,38,980
16907,29,151,981
16085,23,167,981
16188,44,67,981
15071,93,26,982
14138,1,47,982
15133,127,29,982
17144,1,48,984
13117,21,76,984
16376,8,125,987
18237,2,61,987
15062,71,57,987
16232,43,37,990
17324,17,50,990
14223,92,60,991
16009,22,90,992
13363,17,60,992
17594,85,50,993
15110,23,35,996
14540,9,76,996
15508,189,92,1000
18143,116,61,1000
13410,24,28,1003
17126,152,260,1004
14214,30,67,1004
13429,10,67,1006
14631,50,41,1006
17951,39,20,1008
17646,219,51,1008
16174,126,23,1009
16572,127,57,1009
16229,87,47,1010
13032,52,71,1010
14195,201,7,1011
14775,58,60,1011
17197,29,29,1013
13867,31,61,1015
13728,36,63,1016
12828,2,56,1018
14083,4,181,1018
18142,157,15,1019
13376,99,53,1019
13165,46,42,1021
14346,120,60,1021
17096,15,48,1022
15658,190,48,1024
16160,65,20,1025
14904,2,69,1025
13956,5,152,1026
15104,196,69,1027
16682,4,30,1027
15333,208,16,1028
13253,156,36,1030
17033,86,28,1030
13235,212,58,1031
17405,1,82,1031
13639,74,40,1033
17724,71,40,1033
16260,50,18,1035
16175,94,58,1037
14446,0,293,1039
15434,8,55,1041
18221,22,64,1041
13719,15,60,1041
14584,169,100,1042
15073,9,54,1043
14389,65,45,1043
17042,2,98,1044
15192,119,51,1044
14293,3,61,1046
16520,186,156,1046
15777,241,21,1047
15839,33,62,1048
15464,338,157,1048
14078,101,65,1049
15329,39,57,1049
14224,110,118,1050
12849,31,51,1050
16416,26,71,1051
14583,5,330,1052
16728,46,269,1054
15977,17,65,1054
14514,61,73,1055
15407,33,153,1056
13455,24,46,1058
14419,10,206,1058
14465,246,130,1058
18130,15,70,1059
15996,88,130,1060
17727,15,66,1060
15706,63,55,1060
16214,170,44,1062
15801,46,64,1063
14411,310,14,1063
12936,17,62,1063
12951,8,63,1064
17287,26,124,1064
14488,67,46,1064
17277,227,69,1065
15027,30,35,1066
16918,49,128,1068
17214,60,103,1069
13761,50,70,1070
14212,89,9,1070
17522,1,73,1070
13635,67,62,1071
15238,29,50,1071
15712,9,53,1072
13131,23,44,1073
16563,53,19,1077
16094,11,63,1078
16980,255,87,1078
14352,157,47,1078
15197,10,32,1079
13726,38,42,1079
13715,281,105,1079
16200,4,179,1080
14561,75,69,1080
17041,26,70,1081
13467,10,99,1083
15763,31,61,1086
13853,57,23,1090
18189,77,68,1090
15608,28,60,1093
13521,1,436,1093
15745,19,62,1094
13652,45,63,1095
16533,19,177,1095
16225,44,134,1096
13104,3,20,1098
15978,77,49,1098
17966,37,68,1098
14744,16,26,1099
17047,85,65,1100
14948,23,63,1101
14410,92,194,1105
12857,210,46,1106
16833,1,47,1106
15933,21,74,1107
15069,179,70,1109
14161,215,108,1110
14817,200,63,1110
16049,40,312,1111
17609,40,237,1112
16350,21,57,1116
14971,35,160,1116
13591,64,58,1117
17788,73,5,1117
12842,70,34,1118
15716,145,118,1118
17894,71,193,1119
13064,12,69,1119
14276,98,64,1119
15730,65,70,1120
16086,59,39,1121
16807,142,67,1121
13486,78,69,1122
17562,14,63,1122
15436,12,329,1122
14129,1,52,1123
17470,44,78,1125
14708,2,28,1126
14824,10,29,1127
13447,23,59,1129
15500,8,68,1131
13610,12,226,1131
13772,33,177,1132
13310,28,72,1132
13282,18,37,1132
17585,109,214,1133
16989,7,12,1133
15489,22,50,1134
17302,14,79,1135
17242,108,40,1135
17500,17,5,1138
17135,16,52,1139
13330,92,53,1140
13819,301,36,1140
16172,95,69,1140
16270,353,54,1141
15985,123,37,1142
18125,29,196,1142
17770,198,38,1143
16766,273,34,1145
17505,161,52,1145
16062,9,64,1153
16637,32,69,1154
13744,95,72,1156
14723,10,278,1158
16184,64,45,1158
17348,14,215,1159
13499,17,42,1159
15088,21,57,1160
16714,218,93,1161
14447,18,70,1163
14261,50,52,1163
14737,3,17,1164
13500,23,65,1166
18168,176,131,1169
13611,89,74,1171
14857,59,60,1173
15306,64,58,1174
12885,63,71,1175
16950,56,42,1178
17058,81,62,1179
15630,45,60,1186
13752,124,76,1186
16612,32,66,1187
13882,2,65,1191
15145,4,67,1194
17720,26,50,1195
17526,4,19,1195
14487,26,144,1196
16042,22,71,1197
13118,19,79,1197
17867,30,79,1197
13211,10,56,1197
15605,36,67,1198
17800,37,104,1199
17320,100,73,1200
16800,11,164,1201
13158,94,79,1201
15737,14,72,1205
17653,36,44,1207
16653,16,69,1212
13918,49,30,1212
18263,25,61,1213
17410,16,64,1214
13055,78,76,1214
13491,51,86,1215
15227,36,58,1219
14745,112,69,1220
16794,1,285,1222
13208,58,149,1223
15841,72,47,1224
17774,96,156,1225
12997,22,59,1226
14913,35,87,1227
18080,18,2,1231
18171,58,54,1231
15910,0,267,1232
15376,40,117,1233
15201,87,69,1236
14684,25,421,1236
14893,9,73,1237
13931,95,58,1237
13476,178,58,1238
12985,0,76,1239
17731,79,67,1240
17588,100,23,1240
17584,7,35,1242
16531,22,77,1244
14428,7,144,1244
13860,1,76,1245
15004,147,158,1246
13029,30,10,1247
14383,38,59,1247
14698,1,210,1250
17262,52,12,1253
17481,3,82,1255
13848,92,5,1255
16639,31,50,1257
13151,295,74,1257
17412,2,66,1258
17388,77,15,1259
16688,1,62,1260
15009,12,182,1261
15497,17,15,1262
16842,100,63,1264
14105,239,74,1266
17158,32,67,1266
13989,65,41,1266
16660,16,16,1267
17037,87,75,1267
14916,70,77,1268
15199,59,13,1268
13431,67,46,1269
14669,241,170,1269
17019,11,234,1272
16692,256,3,1276
16951,134,86,1277
13538,43,25,1280
13878,54,36,1281
16899,7,125,1281
17802,82,140,1285
17350,8,71,1286
15136,2,68,1286
16949,3,60,1286
15171,331,5,1289
16101,70,76,1290
15621,4,16,1293
16224,57,96,1295
16929,3,77,1295
17961,21,249,1296
15602,8,47,1297
15494,21,125,1299
15813,207,40,1303
14898,23,116,1303
17919,88,23,1304
16744,11,242,1304
14297,17,62,1305
13328,316,17,1308
14047,8,32,1308
14477,19,10,1309
16120,59,30,1309
14856,36,66,1311
16040,65,65,1313
14738,42,54,1314
16464,19,236,1314
14973,107,32,1314
14511,11,68,1314
14921,30,78,1316
16083,100,31,1317
14794,2,80,1319
13168,36,131,1319
16370,82,228,1320
12854,78,110,1324
17633,31,70,1324
17095,22,74,1324
15146,164,91,1327
16295,9,79,1328
17932,29,90,1331
15680,9,78,1333
12919,8,50,1335
16110,45,354,1337
15059,40,237,1337
15734,114,26,1339
16045,119,83,1340
16317,119,69,1341
13743,2,41,1341
18177,31,74,1341
17372,40,253,1342
14154,239,52,1345
15398,16,73,1345
16493,79,56,1351
16079,16,21,1352
15116,17,45,1352
14064,29,80,1353
14859,12,58,1353
17054,28,83,1356
13232,12,207,1357
15411,26,99,1358
13396,29,43,1360
14102,5,79,1360
14897,7,55,1366
15095,103,47,1370
14434,21,12,1372
16669,23,160,1374
15569,103,31,1375
12886,67,82,1378
17621,21,26,1379
16726,26,185,1382
14116,19,72,1382
16389,53,34,1382
14507,23,96,1383
13572,205,33,1384
18167,23,37,1384
17311,78,55,1384
13308,22,54,1385
12952,5,79,1387
15134,14,73,1387
17676,4,78,1387
15453,1,286,1388
15898,1,86,1388
16539,2,45,1388
13516,21,44,1389
13414,133,24,1390
15051,23,143,1391
15810,78,89,1391
13995,15,86,1393
17354,50,16,1393
18202,199,68,1396
14741,11,59,1400
15563,22,113,1400
17083,109,52,1405
15596,100,77,1406
17004,46,44,1412
15237,1,99,1412
16245,23,90,1413
16012,35,94,1415
14748,29,89,1415
14649,4,199,1417
17856,1,15,1418
16173,15,84,1418
18116,67,378,1418
15444,9,219,1418
17288,9,142,1419
14443,53,93,1420
16571,26,87,1421
14901,11,96,1421
14019,46,66,1421
15106,17,100,1422
16463,21,82,1422
15681,25,53,1426
14035,28,66,1428
16271,2,133,1429
16103,7,48,1429
13475,191,86,1431
16503,106,84,1431
13159,8,121,1437
15858,15,191,1438
14071,3,324,1438
15478,40,46,1441
17175,44,63,1443
13461,38,27,1445
13717,32,102,1445
17073,17,174,1446
14591,15,197,1447
15426,19,292,1447
14740,197,89,1448
15987,12,140,1451
13477,37,79,1454
13309,7,107,1456
16996,30,37,1456
16059,65,180,1459
14541,58,111,1461
17063,21,78,1461
14233,49,35,1462
12882,9,13,1463
14875,107,47,1465
16348,32,235,1469
15128,60,102,1471
14246,110,75,1474
14404,33,103,1474
12826,2,91,1474
14403,130,20,1475
15983,22,113,1475
17590,2,201,1479
15427,33,306,1483
18016,32,123,1483
14758,144,71,1484
14878,12,124,1485
16395,60,210,1486
14963,9,198,1487
17553,129,2,1487
13110,31,145,1488
13692,24,53,1488
15057,275,25,1489
17002,85,49,1493
16755,114,170,1496
14414,91,97,1496
17571,50,299,1498
16762,19,89,1501
15530,21,108,1502
12937,15,120,1504
15265,151,82,1506
16016,3,235,1508
16279,21,107,1509
16910,4,547,1510
16053,32,84,1511
16748,17,69,1515
14267,162,55,1516
13791,127,11,1516
16880,30,178,1519
13213,56,90,1520
16066,16,102,1521
13764,70,208,1521
16434,29,109,1522
16244,211,91,1522
15916,16,155,1528
14567,56,33,1530
14321,10,123,1530
13107,44,58,1531
15625,103,64,1534
15392,4,84,1535
12877,3,154,1535
13849,51,101,1537
17159,21,101,1538
16365,17,51,1540
15701,2,237,1542
13397,72,38,1544
16790,3,93,1545
14704,11,415,1546
14229,51,40,1547
13320,78,106,1548
15117,14,79,1551
15620,56,100,1553
16369,18,118,1553
13313,22,78,1555
16394,56,83,1555
14038,78,92,1560
18239,218,88,1561
17204,175,57,1564
17085,123,187,1566
15906,19,150,1567
15111,29,84,1567
16283,5,166,1570
17671,15,53,1572
13659,205,104,1573
13186,39,79,1575
13634,33,188,1575
16889,194,135,1578
15532,25,256,1580
18178,128,97,1590
15611,9,43,1591
16676,33,89,1592
14970,68,34,1592
16332,28,153,1593
17837,42,169,1593
13850,129,93,1595
16496,8,95,1599
15660,25,90,1600
14587,18,383,1601
14719,1,237,1602
12947,143,97,1603
16466,33,148,1603
16817,2,86,1604
12868,185,107,1607
14918,115,45,1610
13614,24,201,1610
14312,46,87,1611
15791,43,75,1612
16992,10,93,1614
14336,16,90,1614
18161,15,80,1618
16801,163,76,1619
14178,8,327,1620
17101,10,42,1621
15172,8,110,1624
13425,108,78,1624
14759,4,102,1625
16987,3,129,1625
16515,52,113,1627
17673,1,227,1629
14164,70,29,1631
15122,114,82,1633
13627,59,92,1638
15002,115,115,1641
13750,53,24,1647
14837,89,108,1649
16711,3,22,1651
17284,60,292,1652
14573,179,235,1653
15826,56,68,1654
15953,15,98,1659
14045,109,6,1659
12967,358,19,1660
13012,9,89,1661
15214,1,110,1661
15024,9,155,1661
12912,2,24,1662
16115,9,284,1667
17656,73,82,1674
13149,14,86,1676
13647,9,79,1678
16638,22,94,1680
13577,25,83,1687
13162,122,79,1688
17152,194,14,1689
15380,8,36,1690
16671,28,6,1692
16813,8,449,1692
15549,77,115,1693
14245,219,108,1693
16775,10,158,1695
13824,32,46,1698
17193,35,32,1699
16007,47,385,1701
13184,14,181,1701
12843,65,103,1702
17282,130,94,1703
16398,154,82,1705
16902,116,44,1706
15240,44,78,1706
15947,82,29,1708
14441,0,51,1712
17147,22,81,1714
13763,63,15,1714
17162,28,104,1715
15267,22,11,1717
14834,17,67,1720
17451,1,100,1721
16791,29,320,1721
17043,32,102,1735
14673,3,74,1736
17457,126,19,1737
14595,19,102,1740
17930,35,39,1740
17353,129,8,1740
13157,49,87,1741
15067,78,82,1744
13808,5,76,1747
13564,144,83,1749
16359,7,66,1750
15241,66,110,1756
12823,74,5,1759
16751,30,25,1764
15950,31,98,1765
13456,17,63,1766
14387,32,140,1770
16681,72,44,1770
17813,14,371,1770
15473,14,11,1771
15594,15,103,1771
17754,0,92,1772
17092,50,125,1777
15220,51,117,1778
16380,61,32,1780
15050,25,78,1782
14608,4,20,1785
13875,53,104,1786
14621,1,92,1788
14215,11,108,1789
16719,14,201,1790
13510,1,115,1791
13134,85,98,1793
18179,9,90,1793
18235,71,104,1796
13196,11,110,1797
17648,60,91,1797
17750,5,193,1797
13562,81,82,1799
16249,52,69,1800
15812,107,41,1801
17663,25,86,1802
13481,45,109,1804
15260,100,77,1810
17629,5,123,1814
16169,8,85,1822
17705,3,103,1823
16153,49,89,1824
17702,30,74,1824
18122,8,364,1826
15203,25,142,1827
16152,268,29,1829
13048,14,136,1835
14665,60,90,1835
13650,16,96,1836
15827,73,115,1836
18287,42,70,1837
14459,155,37,1837
13924,1,117,1838
14216,3,59,1839
14113,3,34,1840
16455,63,99,1841
17015,28,217,1842
16102,42,57,1842
12950,2,23,1843
18180,4,119,1843
17519,17,82,1844
13421,40,104,1851
16979,3,89,1852
12963,8,95,1856
14305,71,105,1858
17873,80,44,1859
14887,79,6,1862
16201,3,111,1863
17787,152,134,1865
14524,31,203,1867
16841,36,116,1869
17469,16,88,1870
13982,39,111,1871
16474,7,360,1871
16986,29,3,1873
17293,8,135,1875
15367,57,95,1877
17738,19,97,1879
16128,17,89,1880
13890,1,110,1883
16170,50,125,1885
15641,105,119,1887
17870,2,279,1894
17463,16,215,1896
14250,7,111,1904
14210,105,102,1905
15819,49,123,1905
17228,15,208,1906
16426,2,372,1908
14285,21,27,1910
17368,23,111,1912
15021,8,472,1914
16942,12,281,1920
13094,21,24,1927
14978,72,216,1931
16983,12,148,1931
14655,8,49,1932
14472,103,281,1936
15157,3,125,1936
15864,22,20,1936
14418,3,124,1937
15518,64,214,1942
15814,16,72,1945
14653,1,237,1947
14533,24,62,1949
17554,1,88,1952
12853,134,78,1957
14498,42,193,1957
17218,4,274,1960
15351,12,225,1960
17790,26,190,1965
17997,74,166,1970
16341,24,77,1971
17422,16,117,1979
13725,49,104,1980
13590,11,87,1981
13246,18,141,1987
17088,28,115,1991
17679,52,30,1992
18204,71,200,1993
17827,5,220,1995
16698,226,5,1998
13305,4,81,2000
18188,15,71,2001
15493,32,297,2001
16754,372,2,2002
17082,33,81,2003
14217,1,100,2004
14462,66,240,2004
14730,1,501,2005
16098,87,67,2005
15531,8,228,2007
15372,137,27,2007
14506,17,316,2012
15341,80,17,2020
14544,24,114,2024
17337,151,543,2027
16358,1,109,2027
16409,36,232,2028
13630,5,71,2031
17846,85,1,2033
18069,26,470,2036
13593,108,128,2037
14001,45,39,2043
17090,4,63,2043
13450,26,71,2043
13495,7,48,2044
17597,213,55,2044
17625,18,315,2047
17612,53,135,2048
14232,42,115,2048
17086,7,96,2050
16150,42,117,2053
14188,30,65,2054
17667,66,117,2055
14409,71,54,2059
12928,35,84,2062
16281,72,17,2062
12948,16,116,2064
14482,18,144,2068
18219,2,114,2069
14209,10,87,2073
18241,9,104,2073
14696,4,130,2078
18231,192,124,2083
16954,0,54,2085
14810,40,255,2087
18044,4,127,2088
13297,7,59,2089
13571,12,341,2092
17490,0,76,2092
14306,51,33,2093
18283,3,756,2094
17191,28,237,2095
16875,67,112,2095
13126,4,140,2099
15815,63,49,2100
17861,3,222,2100
14515,17,101,2102
14461,148,180,2103
18173,86,31,2106
18093,93,36,2106
13265,53,91,2107
14691,30,71,2114
18008,70,30,2116
18061,21,46,2119
13632,24,146,2121
15058,25,276,2124
14640,24,106,2125
16407,12,172,2126
13517,59,141,2128
14360,31,118,2128
17400,126,213,2129
14828,196,17,2139
17272,42,114,2148
16966,8,28,2154
13224,60,108,2155
14407,107,73,2157
16379,4,108,2157
16456,99,111,2158
12935,2,129,2160
13755,3,342,2161
12909,39,91,2178
12856,7,314,2179
14341,45,129,2182
15394,9,85,2183
16628,29,117,2188
15123,7,106,2199
17406,333,113,2200
13831,16,74,2202
15179,18,93,2206
15797,113,8,2207
13862,18,139,2209
15811,22,133,2218
15722,35,69,2222
13365,33,128,2225
17591,73,166,2225
14825,3,121,2226
14226,28,67,2232
18242,72,78,2232
15834,70,273,2233
16076,3,129,2234
14700,32,115,2235
14560,7,74,2237
16743,29,191,2238
14211,53,112,2241
15665,168,116,2242
16771,33,255,2246
15235,217,143,2247
17442,36,135,2248
16293,21,118,2248
14432,9,382,2255
16209,88,46,2262
16057,16,121,2263
13700,26,197,2265
14466,29,72,2272
13317,66,124,2273
17768,8,105,2273
16782,10,190,2279
17696,38,115,2285
13527,33,223,2287
15704,140,117,2293
13115,11,120,2294
15105,18,101,2298
16550,108,251,2298
16735,78,125,2300
15288,43,88,2306
13704,5,134,2308
13994,3,155,2313
14290,11,101,2314
15365,25,114,2314
17211,26,211,2317
17744,3,136,2322
17313,31,24,2328
15785,32,83,2328
17954,5,485,2332
15281,58,139,2332
18257,39,118,2337
18259,24,42,2338
14309,8,117,2352
15140,52,80,2354
14440,8,55,2357
14030,18,243,2360
17634,36,297,2361
15755,10,141,2364
13908,79,122,2369
17434,2,134,2373
13722,131,85,2375
15270,15,41,2379
14239,43,112,2380
14554,10,216,2381
14493,7,120,2383
17530,1,394,2385
15370,40,94,2386
13141,84,135,2388
18065,5,137,2392
15980,88,43,2398
17589,60,253,2404
15373,8,132,2415
15089,10,145,2420
16143,3,117,2424
17722,96,115,2424
13949,2,160,2427
17071,28,140,2429
15527,18,163,2429
14163,87,52,2445
15674,73,114,2446
13784,9,31,2462
17131,5,134,2463
15750,2,293,2465
17164,32,144,2467
14502,19,624,2470
14766,8,135,2473
17682,10,118,2474
17188,11,84,2474
13588,15,174,2478
13507,3,162,2479
14315,44,101,2481
12913,4,50,2483
16710,19,402,2483
16477,63,146,2494
15932,4,115,2495
13695,31,90,2504
15271,7,274,2507
15245,134,89,2515
13394,1,155,2520
17449,2,277,2520
13975,31,338,2526
17314,24,131,2527
14659,8,253,2529
13471,1,260,2531
17700,16,142,2534
14776,51,117,2538
13344,67,119,2543
14676,31,42,2548
14701,10,335,2549
15572,4,215,2552
14334,16,162,2552
16308,37,4,2560
18245,7,175,2567
16912,28,101,2575
15485,30,86,2575
14546,5,399,2578
13911,57,148,2580
15033,4,510,2586
14243,8,141,2588
13895,28,118,2593
16919,156,327,2596
17317,46,9,2600
13983,29,107,2603
14408,10,107,2606
13136,56,127,2607
16241,9,662,2607
18075,23,142,2611
14397,2,87,2612
12836,59,175,2612
15782,9,43,2614
13021,4,131,2616
14262,8,143,2618
16255,16,270,2619
18210,1,134,2621
17965,37,329,2622
13644,16,146,2624
13422,64,127,2626
17402,4,59,2633
18077,8,227,2633
13771,64,119,2634
13804,30,137,2635
15752,39,411,2637
17655,10,91,2638
13658,9,108,2639
18260,172,134,2643
16618,31,96,2647
13851,95,81,2651
15671,18,78,2657
14713,9,339,2666
13883,10,142,2674
17346,3,500,2676
17386,7,28,2686
18097,7,108,2697
14732,8,147,2702
14107,51,123,2703
13654,43,166,2707
13285,23,187,2709
17069,28,143,2709
15796,1,133,2711
12840,143,113,2726
16003,29,103,2735
15696,33,171,2736
16938,8,241,2736
14125,10,167,2740
14808,39,235,2741
15321,70,95,2748
13971,18,149,2758
14854,78,127,2759
15114,30,197,2760
15356,31,519,2766
13870,2,115,2770
17838,26,121,2779
14121,3,159,2780
17213,40,157,2781
14626,23,122,2791
17739,11,47,2791
13769,2,135,2796
15993,8,552,2797
16764,3,706,2799
13230,4,611,2806
16081,56,227,2806
14903,21,355,2810
18230,9,86,2810
16871,22,137,2812
13174,16,314,2817
14842,43,145,2824
17596,23,270,2827
14572,3,270,2832
14852,58,143,2836
15984,2,270,2837
16928,80,209,2847
18145,12,221,2861
14535,60,330,2864
13901,72,149,2867
14711,10,357,2868
15628,4,155,2870
14005,9,84,2874
17728,3,165,2876
14251,1,78,2879
15673,88,155,2881
16633,17,152,2883
13735,24,196,2885
18144,7,43,2888
17644,1,157,2895
14112,22,160,2915
12906,11,63,2919
15606,61,77,2920
17512,28,105,2924
14530,25,216,2925
16316,64,151,2938
17084,35,162,2949
14868,3,144,2953
17924,11,31,2962
16497,49,136,2965
15854,4,140,2974
14032,2,143,2975
13451,26,443,2976
14639,52,172,2984
15687,8,166,2993
14307,88,180,2995
17504,206,127,2997
17659,17,158,2999
15521,40,185,3000
12916,138,107,3006
18094,81,70,3017
16709,84,79,3029
16393,2,330,3046
16940,52,305,3049
17799,22,408,3055
14456,5,970,3062
16686,47,585,3062
13631,99,11,3070
12910,23,75,3075
18272,2,166,3078
16218,29,84,3084
15998,36,506,3089
13362,9,166,3090
17059,29,516,3095
13135,196,1,3096
14257,64,106,3099
14565,95,127,3099
15491,95,154,3100
16905,5,208,3102
14099,16,250,3104
13869,123,307,3104
16678,2,163,3109
16326,5,319,3110
13685,2,39,3119
16156,8,130,3122
13742,16,321,3131
14235,75,79,3144
15065,37,155,3158
17863,59,148,3160
15861,12,546,3165
16041,30,6,3166
16837,31,165,3170
17231,12,541,3174
17672,50,110,3178
14844,63,130,3189
13758,11,117,3190
17685,16,130,3191
13868,7,33,3192
17220,24,472,3198
16107,17,31,3204
14388,10,186,3212
13268,17,440,3214
13880,21,165,3219
14175,59,149,3222
17050,96,316,3228
15443,1,382,3236
13047,31,172,3237
13952,217,137,3251
17723,127,10,3276
15764,88,180,3279
15632,15,167,3285
14702,1,347,3292
14841,53,138,3295
13373,60,158,3312
16556,66,207,3313
13015,53,176,3346
16607,17,172,3347
17183,7,73,3347
16818,10,189,3349
14227,26,175,3350
16011,8,212,3362
15708,40,288,3364
13842,58,206,3385
15228,66,125,3386
13198,10,226,3401
17669,42,68,3406
15981,24,97,3408
13437,14,167,3408
14221,42,193,3432
15676,18,202,3435
17725,16,192,3439
15974,39,176,3442
15129,50,84,3447
13536,1,179,3448
15410,84,122,3450
17758,19,412,3456
13014,10,110,3466
13993,42,121,3466
16458,2,202,3482
14907,3,165,3501
16131,51,78,3506
14395,2,350,3507
16360,4,662,3512
13953,7,20,3515
17160,31,229,3518
13334,82,268,3536
13448,16,195,3539
14503,3,164,3543
15544,9,259,3546
17491,1,109,3558
17203,35,152,3563
14132,2,200,3586
15484,1,188,3594
16242,8,294,3603
15113,9,100,3609
15505,52,97,3610
13082,126,73,3613
14040,40,235,3614
17576,8,411,3622
13327,38,108,3627
17528,1,253,3628
14543,28,72,3630
17230,264,69,3638
13381,31,172,3639
16440,7,282,3640
13426,0,157,3641
16712,9,447,3645
13137,10,704,3650
18079,45,127,3651
15296,50,194,3672
15581,120,150,3679
16253,66,123,3683
15379,169,194,3703
17819,71,48,3704
13148,29,319,3707
15622,43,185,3709
15845,17,138,3711
14364,108,69,3717
16240,24,135,3718
13680,1,195,3722
14282,3,156,3729
15808,306,208,3734
16570,15,126,3738
13552,66,109,3740
14145,46,11,3742
17238,2,566,3744
16904,4,710,3754
17173,5,86,3766
16019,46,160,3786
16168,10,98,3787
16655,17,261,3794
16145,8,224,3799
13435,5,101,3809
15867,5,461,3812
17091,2,195,3827
13266,11,187,3834
16327,14,319,3844
16717,23,199,3858
15195,2,1,3861
13124,89,235,3866
18073,114,73,3877
14291,1,237,3883
13999,10,208,3901
14739,4,60,3902
17593,3,213,3927
17651,11,232,3945
13183,7,94,3957
13523,33,172,3964
14299,8,143,3965
17611,7,576,3984
15416,64,192,3984
17001,0,169,3989
15529,22,672,3995
17769,12,310,3997
16186,22,218,4006
14547,3,366,4007
12957,9,238,4017
12841,4,420,4022
12867,26,538,4036
14401,4,182,4051
18087,98,2,4055
14092,7,214,4076
12749,3,199,4090
16670,16,252,4095
16401,1,186,4098
17377,23,418,4100
17940,49,19,4106
16592,4,216,4113
15514,12,178,4139
13988,19,234,4147
13555,73,136,4149
13384,30,152,4151
16549,10,981,4154
15570,7,323,4165
12949,30,215,4167
18041,11,472,4183
14146,8,210,4191
12747,2,103,4196
15971,17,35,4199
17920,4,696,4204
15804,0,263,4206
17419,11,206,4226
14422,0,222,4263
17937,8,43,4301
15034,15,394,4308
18251,87,16,4314
17567,7,165,4331
14525,19,291,4332
14800,47,385,4339
16945,21,249,4345
15874,63,120,4405
16626,0,179,4413
15955,24,183,4416
13069,0,425,4436
14534,2,519,4447
14085,2,450,4448
17364,0,411,4481
14426,23,224,4481
16984,88,407,4481
17975,15,296,4488
15299,67,7,4507
13267,2,211,4521
17068,12,296,4552
17613,22,312,4559
14004,43,171,4582
15093,18,108,4597
13802,138,60,4599
16931,5,898,4604
14286,23,280,4628
14390,10,286,4652
14189,2,265,4654
15291,25,103,4668
14191,1,259,4684
14135,1,134,4690
14159,19,1204,4693
16722,17,225,4730
15152,9,271,4745
14180,10,240,4748
17690,30,256,4757
12955,1,180,4757
15187,1,91,4777
15298,2,192,4799
17365,12,468,4801
15555,12,899,4805
13013,1,219,4810
15738,18,173,4812
17652,25,259,4867
14292,7,100,4871
17133,15,27,4892
14709,15,196,4921
15786,46,267,4932
15547,7,702,4954
15032,256,52,4959
14755,9,235,5010
14329,17,259,5014
17426,8,271,5037
15719,32,937,5045
13139,16,170,5064
15301,50,243,5070
14562,3,423,5074
16700,8,308,5076
17602,2,560,5102
13941,21,45,5112
15903,9,74,5126
13599,1,247,5153
17858,5,199,5155
15727,16,302,5178
16191,2,134,5180
13756,2,142,5189
16258,45,135,5203
15046,9,206,5213
18226,44,242,5228
17061,73,99,5232
17730,3,218,5298
15150,17,343,5314
13269,1,316,5346
16303,25,162,5360
17850,372,297,5391
17719,37,274,5396
16701,8,144,5398
17809,16,61,5411
18198,4,159,5425
16265,9,258,5447
16985,17,120,5464
16609,15,276,5493
18225,3,271,5509
15805,23,301,5528
16161,1,474,5575
16767,30,222,5580
12839,2,314,5591
17757,1,741,5605
14688,7,327,5630
18118,10,1279,5653
13004,11,404,5655
17716,22,245,5655
17049,2,318,5659
14049,16,488,5681
14110,3,156,5683
13468,1,302,5704
16553,163,84,5719
13178,26,265,5725
17686,7,286,5739
15218,10,166,5756
13050,14,403,5836
13534,2,296,5870
13209,30,321,5891
14415,1,590,5900
14944,29,170,5900
14505,17,799,5905
15382,14,302,5955
14101,73,35,5976
13316,37,87,5977
13097,32,423,6010
14735,3,194,6065
17509,57,366,6115
15939,89,76,6115
13418,11,304,6127
14060,4,202,6140
14057,23,284,6217
16126,29,117,6287
17315,1,473,6292
15005,15,1119,6316
13709,3,336,6328
13668,2,470,6363
13871,22,336,6403
13102,1,304,6424
13225,3,32,6463
15694,0,78,6479
18223,4,272,6484
16814,14,324,6509
15144,8,217,6580
16182,72,28,6617
17338,17,753,6643
16353,3,94,6675
15249,31,350,6688
16746,4,449,6697
13576,10,126,6717
16532,17,4,6748
16652,58,118,6773
15601,11,410,6776
18055,7,360,6784
15023,3,562,6802
12830,37,38,6814
17416,29,269,6893
16187,31,295,6911
13027,113,26,6912
16713,18,624,6923
12989,3,64,6924
14961,10,312,7044
13985,4,351,7060
13324,36,75,7121
16873,4,279,7123
16745,86,357,7194
16729,38,660,7239
16923,12,672,7247
18229,11,164,7276
13018,16,458,7277
17396,39,27,7330
15465,19,97,7354
12980,157,20,7374
13263,1,1677,7454
18172,14,189,7561
15194,3,310,7616
15044,19,453,7700
13629,23,59,7792
13093,275,159,7832
17811,4,851,7837
14849,21,388,7930
15290,4,204,7943
14796,1,1141,8022
18109,1,444,8052
14952,59,138,8099
13854,8,110,8109
16672,2,114,8134
14056,1,1106,8214
16558,0,460,8338
15358,4,551,8347
18139,17,159,8438
14527,2,972,8508
16656,22,73,8625
17306,10,66,8631
17243,1,400,8676
17017,2,252,8694
16033,5,1137,8816
13090,8,155,8910
13488,17,422,8968
13969,7,626,9053
18092,2,89,9068
14667,10,573,9241
14367,8,524,9261
16523,1,290,9418
14733,16,202,9585
13458,7,382,9646
15078,7,440,9743
13199,3,119,9817
13001,4,339,9818
